MinTemp,MaxTemp,Rainfall,WindGustSpeed,WindSpeed9am,WindSpeed3pm,Humidity9am,Humidity3pm,Pressure9am,Pressure3pm,Temp9am,Temp3pm,RainTomorrow
8,15.5,0,46,17,37,50,62,1020.3,1017.7,13.9,15,0
12.7,20.5,0,37,20,13,52,63,1015.8,1015.5,17.7,19.5,0
14.2,20,1.4,35,7,11,86,90,1015.7,1012.6,16.5,18,0
15,27.1,0,39,17,17,53,38,1017.8,1019,17.4,25.8,0
16.5,21.9,0.4,35,9,17,59,54,1020.9,1020.6,21.3,21,0
9.7,18.5,5.8,17,7,2,94,44,1016.7,1013.9,11.2,17.8,0
3.5,15.2,0.6,20,2,13,91,69,1032.3,1031.1,7.2,14,0
10.4,25.4,0,35,2,17,80,57,1026.6,1025,15.2,25.1,0
13.4,31,0,35,6,22,68,43,1014.5,1012,23.6,28.4,0
10.5,18.9,2.4,39,15,22,53,50,1021.6,1019.9,15.9,18.3,0
17.8,26,0,33,17,26,75,61,1019.5,1018.5,20.6,24.7,0
9.5,26.8,0.2,24,6,7,79,35,1018.5,1014.3,14.2,23.9,0
20.4,31.8,0,56,7,41,60,41,1012.6,1009,25.4,30.7,0
17.5,26.1,0.2,28,11,13,62,66,1015.4,1009,22.3,23.1,0
18.4,26.8,0,72,44,35,32,47,1008.1,1010,20.4,23.6,0
13,25.8,0,80,22,33,54,33,1004.7,999.8,15.5,24.6,0
21.3,32.9,10,33,4,15,74,41,1002.2,999.1,27.2,32.4,0
12.4,20.7,0.2,19,4,4,75,62,1030,1026.4,16.7,19.8,0
15.6,23.3,14.4,52,37,33,56,51,1017.2,1016.7,19.8,21.1,0
12.5,22.8,0.2,28,11,11,57,40,1026.4,1024.1,17.5,22.1,0
12.6,17.2,1.8,43,0,19,92,77,1005.7,1004.3,13.4,16.3,0
18.2,34.9,0,67,11,26,47,25,1013.5,1012.5,25.1,33.7,0
5.8,17.3,6.4,33,20,7,61,34,1028.9,1025.4,11.7,16.9,0
14.1,24.6,0,46,20,17,50,29,1016.9,1014.2,15.1,22.5,0
17,30.8,0,31,0,9,72,35,1016.4,1014.1,22.6,30.3,0
10.3,22.1,0,85,56,46,44,37,1022.9,1018.3,16.1,21.3,0
22.3,32.3,0,35,9,20,64,45,1016,1011.5,27.8,31.4,0
7.8,13.2,4.8,43,28,22,78,72,1012,1012.8,11.1,11.2,0
11,17.8,0.8,24,11,11,86,61,1018.8,1016.8,11.6,16.7,0
8.3,22.6,0,46,28,35,59,41,1015.8,1012.5,13.6,19.6,0
10.2,20.4,0,46,15,26,79,40,1012.6,1012.4,14.5,18.8,0
15.1,33.6,0,52,9,22,52,16,1019.4,1016.2,20.6,32.9,0
14.8,21,9.8,50,31,22,70,71,1006.3,1007.9,18.5,18.5,0
9.6,26.3,0.2,43,11,20,93,38,1034.1,1030.7,13.1,24.6,0
13.1,30.5,0,44,7,24,61,27,1007.5,1006.6,21.8,30.2,0
21,37.7,0,59,11,22,24,12,1010,1008.4,30.3,37,0
11.3,24,0.8,44,22,28,58,34,1021,1019.2,16.5,23.5,0
12.1,27.8,0,41,7,11,66,33,1024.8,1023.1,17.8,27,0
8.2,17.9,0,24,7,4,57,44,1023.8,1023.8,14.1,17.2,0
1.3,11.7,0,28,15,15,99,58,1027.9,1024.8,3.8,11.2,0
16.6,33.4,0,44,15,19,59,11,1012.5,1009.5,20.4,31.8,0
14.5,18.9,3.8,50,33,24,71,76,1021.3,1020.8,17.9,18.2,0
17.3,29.6,0,28,20,19,72,57,1015.4,1011.5,22.7,27.9,0
23.6,31.1,0,33,9,19,61,69,1013.4,1010.1,29.7,29.5,0
12.5,25.4,0,13,6,6,82,31,1021.7,1019.1,16.1,24.4,0
3.3,17.9,0,17,7,9,86,47,1025.8,1022.1,7,16.8,0
5.1,20.5,0.2,44,13,24,91,35,1026.5,1024.7,8.4,19.3,0
27.2,39.9,0,46,20,26,41,21,1016.2,1014,31.1,38.3,0
3.8,14.5,7.6,81,13,11,46,28,1010.2,1012.8,9.5,14.3,0
13.6,17.8,3.6,31,13,15,94,70,1020.6,1020.7,15.5,15.8,0
6.7,12.6,12,24,4,6,100,77,1018.8,1016.3,9.4,11.9,0
4,19.1,0,30,6,11,69,46,1024.8,1022,11.9,18.5,0
8.7,15.1,5.2,83,52,48,54,44,1013.1,1012.3,13.1,14.8,0
6.9,12.6,10.6,39,17,24,90,82,1013.7,1017.3,9.5,11.5,0
7.5,10.4,0,44,24,24,92,76,1028.7,1027,7.8,9,0
15.2,21,0,41,13,15,55,60,1017.5,1017.9,17.6,18.3,0
3.2,17.5,0,28,20,4,68,39,1030.1,1029.2,9.3,17,0
9.3,24.7,0,85,15,30,52,18,1015.3,1009,14.8,24,0
12.4,31.2,0,28,2,15,26,17,1014.2,1010.7,23,30.5,0
6.7,23.6,0,43,22,26,50,41,1023.4,1021.5,18.8,21.6,0
2,12.1,0.5,24,9,4,78,44,1018.4,1019.5,5.5,10.8,0
3.6,13.3,0.8,30,15,17,94,66,1024,1024.7,7.4,12.5,0
15.8,23.6,0,41,15,20,69,42,1013,1013.5,17,22.1,0
8.1,25.9,0,50,35,24,18,8,1022,1016.9,18.6,25.3,0
7.7,19.8,0,31,11,11,54,39,1017.4,1015.1,14.2,19.6,0
11,30.3,0,30,7,9,67,22,1009,1007.1,20,28.6,0
17.6,21.4,0,35,9,19,93,89,1012.6,1013.7,19.3,19.2,0
6.2,11.9,1.4,59,11,35,83,50,1011.2,1010.6,9.1,10.6,0
9.5,17.9,0,31,9,7,61,52,1016.1,1015.7,13.6,16.9,0
16.9,35.5,0,54,7,22,75,75,1010.4,1007.7,23.7,23.4,0
6.1,29.9,0.2,41,2,17,100,55,1013.2,1015.5,16,21.8,0
16.3,34.4,0,59,31,19,44,16,1015,1010.5,22.9,32.7,0
13.5,27.4,0,54,19,31,43,27,1017.7,1012.4,19.6,25.6,0
11.7,18,0.4,31,9,11,81,66,1020.4,1019.4,14.2,17.8,0
21,29.1,0,35,24,28,80,69,1016.9,1015.8,23.6,26.8,0
5.2,17.2,0,24,15,11,77,29,1031.5,1028.1,7.8,16.9,0
10.4,18.2,0,39,11,19,51,59,1011.8,1010.3,14.8,15.2,0
8.8,23.8,0,28,9,15,63,43,1022.5,1017.9,15.4,22.6,0
9.2,21.5,0,24,9,15,51,72,1019.5,1015.9,20.6,19.9,0
13.5,24.4,0,48,26,17,31,29,1012.6,1010.6,17.3,21.7,0
25,33,0.6,33,9,24,54,45,1006.9,1002.9,30.3,32,0
12.9,20.1,0.2,39,28,20,94,65,1020.7,1020.1,13.2,18.8,0
18.3,29.2,1.8,43,26,17,71,60,1019,1017,22.4,26.8,0
2.7,19.6,0,31,0,11,100,37,1018.2,1012.6,7.8,18.8,0
8.6,34.9,0,50,20,22,20,13,1013.8,1010.5,25,33.1,0
17.4,32.4,0,43,15,20,20,9,1014.7,1011.7,22.4,31.5,0
4.1,24.1,0,37,7,19,73,34,1012.4,1007.2,12.7,23.8,0
2.5,18.6,0,22,4,13,66,37,1027.2,1023.2,9.3,17.9,0
9.9,20,0,50,2,24,51,36,1012.5,1008.9,15.5,19.1,0
15.1,33.9,0,50,24,26,46,23,1021.4,1017.6,22.2,32.7,0
7.8,17.9,0,37,20,24,53,44,1024.6,1022.5,14.8,17,0
14.9,25.8,0,33,13,24,45,52,1021.2,1017.3,21.7,24.7,0
12.5,29.5,0,30,17,2,56,27,1014.6,1010.4,21.7,29.3,0
9.9,30.6,0,39,17,7,47,15,1020.4,1017.6,17.7,28.8,0
8,13.2,0.2,56,30,33,81,68,1018,1018.5,10.4,12.2,0
5.7,17.3,0,43,22,15,45,25,1029.5,1025.8,10.2,17.1,0
24.5,31,0,30,13,19,70,60,1013.2,1010.4,27.6,30.6,0
14.5,27,0,57,22,26,42,33,1019.6,1014,20.8,26,0
17.6,27.1,0,33,17,24,72,64,1019,1015.9,24.3,25.9,0
12.5,24,0,26,7,7,72,54,1017.6,1015.4,18.6,22.2,0
5,28.4,0,33,11,20,36,15,1017.3,1014.5,16.7,26.8,0
1.9,21.6,0,37,22,9,61,24,1021.6,1018.7,12.1,20.8,0
13,26.8,0,31,7,15,44,17,1018.9,1016.5,19.9,26.4,0
13.3,26.9,0,50,24,28,54,35,1020.6,1018.6,17.2,25,0
2.2,14,0.4,30,11,13,85,37,1022.3,1022.9,5.9,13.4,0
16.5,30.2,0,33,11,20,61,52,1011.7,1011.4,24,27.2,0
23.1,35.7,0,26,6,11,50,39,1003.7,1001.3,27.7,33.5,0
0.2,14.5,0,19,2,6,80,33,1027.5,1026,5.1,13.8,0
10.9,19.7,0,33,22,20,41,44,1014.2,1011.8,16.6,19.1,0
23.2,30.8,1.8,41,15,19,75,61,1009.8,1006.7,26.7,29.1,0
4.8,17.6,0,22,7,9,99,57,1023.9,1018.8,8.9,16,0
11.5,28.4,0,37,20,11,50,26,1020.4,1017.4,19.3,26.7,0
8.8,23.2,0,39,24,19,71,40,1016.3,1011.7,13.4,22.1,0
13.3,35.4,0,26,15,11,51,13,1023.1,1019.7,18.6,32.8,0
12.3,24.7,0.2,31,13,13,62,45,1015.7,1014,16.9,23,0
4.3,23,0,46,7,20,53,20,1022.2,1018.9,13.5,22.1,0
22.2,26.7,0,26,15,7,43,37,1014.9,1013.7,23.2,25.6,0
1.6,16.3,0,24,4,15,74,43,1020.7,1019.5,6.9,16.2,0
12.5,26.1,0,28,6,15,47,31,1020.6,1016.9,21.6,24.8,0
6.5,13.5,2.8,35,17,19,88,74,1023.4,1023.8,8.9,13.3,0
12.1,25.7,0,46,15,22,59,28,1015.3,1013.4,16.6,23.7,0
13.4,29.6,2.6,39,24,13,76,48,1013.5,1010.6,19.8,27.5,0
13.9,29.1,0,31,9,15,66,27,1022.8,1019.6,17.6,27.5,0
5,17.2,0,31,19,20,71,38,1032.6,1030.5,10.2,16.6,0
8.9,28.6,0,41,4,20,64,24,1017.1,1011.3,16.3,27.7,0
14.6,35.2,0,59,28,33,27,18,1014.5,1010.7,24.8,32.5,0
6.2,18.3,0,22,6,13,94,53,1031.1,1029,10.7,17.5,0
15.1,27.1,15.8,39,17,20,74,31,1007.5,1007.9,17.2,26.1,0
6.6,17.5,0,20,0,9,100,75,1018.8,1016.2,12.9,15.6,0
7.8,13.8,0,22,6,9,64,58,1028.2,1025.6,10.3,13.6,0
7.7,23.5,0,37,9,22,87,48,1026.8,1025.3,13.5,22.2,0
11,14.6,1,87,35,31,65,41,1012.3,1018.3,11.4,13.5,0
6.2,12.8,3,31,6,13,94,63,1019.4,1019,9,12.2,0
11.9,17.1,28.2,50,13,15,62,58,1019.9,1019.2,12.7,16.6,0
5.8,18.6,0.6,52,26,30,67,49,1019.3,1014.4,11.2,18.2,0
7.1,23.6,0,24,13,7,68,32,1025.1,1021.6,12.8,22.6,0
3.9,14.3,1.2,54,28,24,59,55,1024.4,1026.2,10.3,11.3,0
14.4,19.2,0.2,31,17,17,66,63,1025,1022.4,16.5,17.2,0
16.7,38.3,0,76,13,20,22,13,1010.1,1006.2,29.9,37.4,0
5.1,19.5,0,31,11,11,66,40,1033.2,1030.2,11.5,19,0
25.5,31.8,0,30,7,17,81,69,1007.1,1004.4,28.9,30.6,0
24.6,32.2,0,33,13,15,79,62,1013.8,1011.1,26.9,30.4,0
4.4,15.2,0,56,28,31,76,41,1015.5,1012.1,6.5,14.6,0
10.9,16.8,0.2,43,19,19,60,70,1032.6,1031.2,14.2,15,0
10.1,18,1.8,26,7,15,83,62,1029.5,1026.3,12.9,16.5,0
8.1,18.7,0,33,11,30,66,65,1028.2,1024.2,13.5,15.6,0
8.9,21.8,0,37,13,7,61,30,1014.1,1010.5,14.1,20.5,0
17.5,32.1,0,46,24,11,48,14,1016.4,1011.7,24.2,30.7,0
11.4,26.1,0,35,9,7,39,25,1013.1,1008.9,17.2,25.7,0
16.8,32.5,0,50,17,28,51,28,1016.1,1011.4,22.1,31.6,0
17,30.3,0,41,24,15,28,20,1016.4,1012.4,20.4,29.2,0
9.9,25.4,0,33,2,20,72,36,1016.5,1012,16.8,24.8,0
7.3,24.4,0,31,7,20,86,37,1016.2,1013.5,12.9,23.2,0
13.3,21.7,0,35,11,13,54,44,1020.3,1017.9,15.5,21,0
3.2,18.3,0,22,0,11,99,52,1033.1,1029.1,8.2,17.8,0
13.4,19,1,41,19,30,82,73,1020.6,1018.5,16.4,17.3,0
21.9,30.3,0,26,9,11,57,49,1015.2,1012.6,25.1,28.2,0
9.6,26.8,0,33,7,20,57,38,1020.9,1017.5,19.3,24.8,0
18.6,31.3,0,52,19,22,41,32,1019.6,1017.4,25.4,31.2,0
4.8,16.1,2.4,20,0,11,99,69,1031.7,1029.8,10,14.7,0
12.5,18.9,22.4,28,9,11,86,67,1014.8,1014.1,13.8,17.9,0
21.7,27.7,9,43,13,20,79,75,1017.9,1014.7,23.7,25.7,0
13.6,29.9,0,35,19,20,59,28,1012.7,1009,21.1,29.2,0
19,34.7,0,35,19,11,28,11,1021.8,1018.5,26.7,33.9,0
10.2,18.1,0,41,13,20,72,54,1031.2,1027.6,12.4,17.5,0
12.7,31,0,37,13,26,44,37,1010.4,1007.4,25.5,28.4,0
17.9,36.8,0,39,11,19,19,13,1017.4,1013.5,28.3,34.5,0
14.7,34.6,1.8,39,0,17,77,25,1008,1003.8,19.4,31.8,0
4.6,13.2,0.2,28,13,11,58,39,1032.8,1030.2,8.3,12.6,0
14.5,23.5,1,31,6,19,84,60,1016.4,1014.8,16.6,22,0
13.2,26.6,0,39,15,28,67,56,1018.3,1014.6,22.2,25.7,0
7.9,21.5,0,37,0,19,89,57,1018.4,1014.3,12.6,20.2,0
17.3,28,0,33,13,9,27,45,1007.4,1006,20.6,26.7,0
12.2,23.4,0,35,11,17,72,58,1008,1004,17.4,22.8,0
17.2,26.1,0,46,11,9,68,76,1015.6,1012.5,23.6,24.4,0
20.6,27.7,0.2,31,13,9,57,60,1017.4,1015.9,25.8,24.9,0
10.5,14.3,0,19,0,2,89,72,1026.7,1024.9,11,14,0
19.1,24.9,0,24,4,2,81,80,1009.4,1007.8,21.3,24.6,0
-0.5,11.1,0,19,4,7,100,67,1033.7,1030.7,4,10.7,0
10.7,19.9,0,61,33,33,53,29,1021.8,1023,13.6,19,0
11.9,25.8,0,43,22,22,52,17,1019.4,1016.5,17,24.1,0
15.3,39.1,0,46,24,22,13,17,1010.7,1009.7,33.3,30.9,0
6.5,19,0.2,39,17,19,63,55,1026.3,1024.5,13.6,18.9,0
6.8,18.5,0,24,9,11,67,46,1026.5,1022.3,12.7,17.9,0
16.2,26.6,0,54,15,33,44,53,1024.8,1020.9,21.3,25.4,0
18.9,36.5,0,44,30,17,54,40,1013.5,1010,26.4,35.5,0
7.6,15.7,3.6,17,6,7,100,49,1021.5,1020.1,9.3,14.6,0
5.7,16.5,0,46,7,30,90,59,1009.9,1009,9.4,15.3,0
22.4,30.8,145.2,54,13,17,83,75,1006.1,1002.8,25.2,29.8,0
10.2,31.5,0,39,17,9,57,21,1023,1019.9,15.7,28.3,0
20.3,23.4,0,50,28,28,82,76,1020.4,1019.8,21.9,22.6,0
6.6,13.3,4,50,31,30,99,75,1004.2,1004.8,9.5,12.8,0
9.3,27.6,0,37,15,19,37,19,1021.6,1017.4,19.7,26.6,0
4.3,12.7,0.2,31,15,17,77,54,1019.4,1017.5,7.1,11.8,0
17,27.6,0,44,20,30,56,60,1015.5,1013.1,24.8,26.4,0
21,28.6,0,35,17,17,60,61,1019.7,1016.4,27.6,26.8,0
7.8,26.1,0,35,15,20,42,40,1019.1,1016.2,19.1,24.2,0
8.6,21.1,2.2,31,17,13,55,50,1021.6,1021.5,18.3,19.3,0
8,14.5,0.4,20,6,2,67,53,1036.1,1033.7,10.1,14.1,0
16.6,23.4,27.2,52,13,31,95,54,1004.2,1006.3,18.2,22.3,0
10.5,16.9,1.2,33,15,15,96,76,1014.2,1013.9,12.8,15.9,0
13.4,29.1,0,52,24,24,61,27,1020.7,1019.3,17.9,27.5,0
16.7,21,0,31,2,7,84,87,1018.3,1016.4,19.6,18.7,0
3.7,15,0,39,9,20,87,61,1018.3,1017.5,12.1,13.5,0
7.9,23.7,0,33,9,17,71,49,1021.7,1018.4,16.5,21.8,0
9.5,17,0,41,20,9,74,55,1017,1016.1,12,16.8,0
23.9,33.2,0,37,26,17,77,43,1014.3,1009.7,27.6,32.5,0
3.5,15.2,0,31,11,15,70,53,1028.6,1026.5,11.3,14.6,0
6.4,19.6,0.6,28,6,15,67,48,1026.5,1023.9,13,18.3,0
20,25.8,0,28,7,13,67,52,1022.6,1019.3,22.1,24.1,0
21.4,34.8,0,30,4,13,56,47,1011.4,1007.7,28.6,32.9,0
7.8,21.9,0,26,7,15,74,38,1021.5,1018.2,14.2,21.6,0
14.3,28.9,0,30,17,11,51,20,1015.2,1011.2,16.6,27.7,0
11.3,31.4,0,52,9,17,62,19,1014.8,1012.5,19,29.3,0
11.9,25.8,0,43,19,30,69,36,1019.9,1016.2,17.8,24.9,0
6,14.6,2.4,24,6,13,88,69,1026.4,1026,10.5,13.7,0
13.3,16.2,0,33,22,20,97,88,1021.8,1019,13.6,15.5,0
0.7,12.6,5.4,20,2,11,100,79,1031,1031.2,3.8,10.2,0
12.9,26,0,41,15,19,31,17,1017.9,1016,18.1,24.5,0
13.2,30.7,0,35,17,19,39,20,1017.9,1014.7,18.6,29,0
19.4,33.3,11.2,54,24,31,72,23,1011.1,1006.8,23.1,32.6,0
9.1,32.1,0,46,7,11,46,15,1015.9,1011.9,18.6,31.1,0
21,28,0.4,33,17,17,83,60,1016.1,1013.4,23.9,28.3,0
16.9,36.6,0,35,20,22,10,7,1018,1013.1,26.6,35.4,0
8.1,21.7,0,33,13,17,83,49,1019.3,1018.2,12.3,20.9,0
12.4,24.1,0,35,13,22,64,60,1024,1020.7,15.9,21,0
20,25.6,0,43,11,24,71,69,1010.8,1006.7,24,24.7,0
17.9,22.5,1.8,41,15,22,72,36,1012,1011.8,19.2,21.6,0
17.1,27.7,0,24,6,11,74,48,1020.5,1017.5,21.9,25.1,0
3,22,0,31,11,13,38,17,1022.9,1019.7,14,21.3,0
13.7,21.9,0,43,15,24,73,58,1012.7,1011.3,16.5,20.5,0
9.7,24.6,0,31,17,11,62,43,1024.7,1020.9,16.6,24.6,0
10.7,23.8,0,39,11,17,40,26,1015.9,1013.2,15.1,23.7,0
6.9,20.2,0,44,11,24,54,31,1021.4,1016.8,12,20,0
15.8,37.9,0,50,0,9,35,26,1011.1,1006.7,26.6,34.1,0
5.6,24,0,43,9,19,65,37,1017.6,1015.5,15.9,21.5,0
23.8,33.7,0,35,17,22,64,37,1010.8,1007.8,28.9,33.3,0
21,25.4,0,24,7,7,84,81,1013.6,1012.6,22.5,24.4,0
14.1,21.7,0,33,7,20,80,52,1031.6,1029.2,17.4,21,0
-3.9,14.4,0,30,2,15,81,36,1023.8,1020.6,3,14,0
7.1,16.2,0,48,17,26,60,32,1017.5,1014.8,12.3,15,0
5.3,14.9,1,15,9,4,100,55,1018.1,1015.8,6.9,14.3,0
12.5,24.5,0,52,9,19,57,83,1021.2,1018.6,21.3,21.6,0
9.7,34.1,0,35,19,20,22,9,1020.3,1014.4,24,32.9,0
11.4,19,0,41,13,19,74,71,1020.2,1017.7,16.8,18.2,0
13.4,26.6,0,37,15,20,40,42,1021.9,1018,19.7,24,0
15.9,27.6,0,39,17,17,65,63,1011.1,1009.4,23,25.3,0
10.1,24,0,39,24,19,26,22,1021.6,1018.5,16.7,23.7,0
10.5,19.6,0.8,30,17,9,94,54,1021,1017.6,11.3,18.4,0
3.7,21.4,0,37,11,17,86,39,1023.5,1018.9,9.1,20.6,0
19.9,37.9,0,69,22,24,22,48,1002.8,1001.9,36.4,31,1
15.9,19.7,15.2,33,7,9,100,82,1007.4,1006.3,16.5,18.9,1
6.2,14,0,28,0,15,100,74,1023.8,1018.9,9.1,13.4,1
16.4,20.9,4.4,83,30,52,80,79,1010.6,1006.6,17.8,20.1,1
8.5,14.1,1.2,33,20,11,90,88,1028.7,1027.6,9.1,13.7,1
12.3,14.3,5.4,61,20,11,71,62,1013.7,1013.2,13.8,12.7,1
6.2,13.7,5.2,61,20,37,91,73,1020.9,1020.9,9.7,12.6,1
10.9,15.9,0,50,9,31,82,47,1003.7,1002.9,11.7,14.5,1
2.6,15.1,0,72,17,31,67,64,1006.2,999.4,9.3,11.3,1
15.4,16.6,17.8,50,13,28,98,96,1009.3,1012.3,15.7,13.9,1
7.9,14.4,1.6,39,19,19,100,98,1013.9,1012.1,10.5,13.5,1
7.2,13,2,61,35,35,72,82,1008.4,1009.2,10,9.7,1
7.4,14.3,0.8,31,11,19,84,62,1023.6,1023.2,9,13.6,1
17.7,24.9,0,70,26,33,75,51,1010,1012.5,21.8,23,1
12.4,15.4,8,41,17,26,95,82,1015.6,1016.8,12.4,14.5,1
15.6,20.9,0,26,15,15,85,64,1016.4,1014.5,17.2,19.4,1
15.3,26.4,0.8,54,17,6,56,79,1019.4,1019.7,23.4,21.9,1
15.8,20.7,1.6,37,4,26,84,78,1020.1,1017.4,18.8,19.3,1
23.1,31.3,0,26,6,13,66,60,1009.7,1007.8,28.8,30.9,1
13.9,21.3,0.6,28,9,15,87,90,1019,1017.8,17,16.4,1
20,23,3.2,41,13,24,88,86,1017.9,1016.6,21.4,22.5,1
12.4,19.2,18.6,48,7,17,100,85,1030.2,1027.8,14.5,17.9,1
6.3,10.9,3.6,19,4,13,89,83,1009.3,1006.9,8.9,10.4,1
13.2,15.9,0,39,22,19,74,74,1018.9,1019.7,13.8,14.5,1
9,13.9,37,69,31,17,82,61,1019.1,1021.7,9.7,12.8,1
9.7,11.4,5.6,35,20,9,78,85,1013,1009.7,9.8,10.5,1
12.7,25.7,0,67,6,4,71,54,1014.6,1015,21.3,23.5,1
9.8,15,4.4,28,7,17,97,70,1023.2,1023.1,11.4,13.6,1
11.1,14.4,5.2,31,13,11,95,73,1018.3,1017.5,11.7,13,1
9.8,14,2.6,50,15,17,95,89,1010.5,1008.5,12.5,11.9,1
11.5,13.1,6.6,50,24,31,93,90,999.6,1001.8,12.2,10.3,1
11.9,12.4,8.2,41,13,11,96,94,1005.9,1005,12.2,10.5,1
14.7,25.7,0,74,24,26,48,30,1000.9,996.4,19,25.4,1
8.6,16.8,0,48,26,31,84,78,1015.3,1015.2,13.4,16,1
20.7,33.7,1,98,15,24,65,45,1007.5,1002.5,26.3,30.9,1
23.1,26,37.4,48,17,13,93,76,1009.6,1005.8,23.6,24.7,1
14.4,24.1,0,50,9,19,63,49,1010,1007.3,18.3,22.1,1
17.9,26.7,0.1,44,19,30,63,80,1009.5,1007.9,23.6,23.6,1
8.9,14.9,2.2,81,37,50,77,50,1012.2,1013.4,9.6,13.2,1
4.5,14.3,4,44,15,13,55,80,1018,1019.6,11.6,9.6,1
9.2,13,22.4,30,11,11,96,97,1006.7,1004.2,12,12.7,1
3.2,15.9,1.6,37,13,17,59,71,1020.9,1018.6,10.4,12.4,1
15.1,18.7,0,80,30,39,68,40,1016.2,1019.7,15.6,18,1
16,24.4,2.4,31,4,15,94,63,1023.1,1020.2,17.6,24,1
16.2,19.3,22.6,26,2,9,87,65,1027.9,1026.2,17.8,18.8,1
14.3,18.9,1.8,50,26,30,84,57,1012.3,1008.7,14.4,18,1
13.8,24.2,7,48,17,26,79,48,1003.9,1002.2,16.9,22.5,1
-0.3,11.1,0,59,17,26,81,67,1029,1024.4,5.2,10.1,1
13.6,17.5,9.8,52,20,20,88,70,1003.4,1000.5,14.8,15.5,1
17.1,24.4,5,43,22,28,98,91,1023.5,1022.1,19,21.1,1
22.3,23.9,1.4,22,7,6,80,92,1011.9,1008.4,23.6,21.7,1
8.3,17.6,2.4,44,9,11,98,75,1015.2,1012.5,10.6,16.9,1
16.1,22.6,1.8,41,19,20,65,76,1029.2,1028.3,21.1,20.2,1
26,33.1,0,48,13,26,75,80,1008.2,1006.5,29.9,26.8,1
9.5,18.3,9.8,35,0,13,88,83,1026.3,1023.4,15.7,17.3,1
11.6,18.2,53,39,0,20,100,67,1000.5,1001.3,13.5,17.4,1
24.2,31.1,2,31,4,26,75,68,1010.1,1008.4,28.1,30.8,1
17.7,24.9,0.2,24,6,2,71,68,1022.2,1019.5,21.8,22,1
17,19.9,9,28,7,11,97,97,1011.9,1008.6,17.3,19.7,1
8.2,11.6,1.4,31,13,11,89,85,1005.7,1006.7,9.2,11,1
13.3,25.6,0,52,24,31,58,51,1010.8,1009.6,21.6,24.8,1
15.9,21.2,0.2,63,20,22,75,74,1020.4,1016.8,18.3,19.1,1
19.7,21.7,7,24,7,13,97,95,1010.9,1010.3,20.3,21.4,1
21.2,26.1,37.2,39,17,15,85,91,1010.6,1008.1,25.5,24.6,1
4.6,15.3,1,43,24,20,95,78,1012.4,1010.5,8.5,14.8,1
4.9,14.7,13.4,59,28,39,91,48,995.7,994.1,10.6,12.8,1
7,15.1,0.6,22,0,0,99,99,1018.3,1012.9,10,13.2,1
14.9,28.5,50,56,19,31,79,45,1010.3,1004.6,20.6,27.8,1
19.7,25.6,142.2,41,11,7,96,87,1008.6,1007.2,22.2,23.8,1
19,20.5,6,37,15,15,89,94,1014.6,1016.9,19.1,17.3,1
10.7,17.2,0,30,11,13,61,49,1020.9,1017.4,12.5,16.8,1
22.6,38.8,0,81,6,26,42,43,1009.1,1006.6,29.6,32,1
16.9,23.9,2.2,28,9,11,84,75,1025.1,1024.1,19.8,22.9,1
12.6,24,0,35,19,17,80,52,1016.6,1015.1,17.8,23.1,1
19.2,20,0.6,43,13,11,94,95,1010.5,1014.4,19.2,16,1
7.4,19.8,0,80,22,54,64,47,997.9,999.8,16.6,17.6,1
17.2,21.1,48.8,54,9,35,95,81,1021.1,1018.3,17.6,20.5,1
9.4,16.5,0,52,31,30,56,80,1014.3,1013.8,12.1,13.1,1
8.3,13.3,8.4,52,20,22,85,68,1006.5,1005.2,9.5,13.1,1
24.4,29.9,0,39,13,31,88,64,1015.5,1012.1,25.1,28.5,1
6.7,14.9,0,26,7,20,91,98,1023.1,1018.4,9.4,10.7,1
17.3,30,3.6,48,11,11,90,87,1012.7,1007.3,19,22.4,1
10.7,17,12.8,52,26,26,46,52,1015.4,1017,14.4,15.2,1
8,16.4,5,35,0,11,99,83,1022.3,1021.2,12.1,14.9,1
14.6,21,0,43,11,9,86,75,1011.9,1010.3,16.9,19.2,1
25.3,30.8,0.4,33,9,20,82,89,1008.7,1006.6,28.1,26,1
11.8,18.7,0.2,24,7,11,96,96,1017.7,1016.4,16.8,17.6,1
12,15.3,0.2,13,7,6,95,96,1019.5,1014.7,14.3,15,1
12.1,17.7,6.8,48,22,31,89,75,1029.8,1028.4,12.8,15.3,1
12.8,17,13.4,43,6,20,100,99,1001.3,1001.4,13.3,12.4,1
16.9,23.1,1,30,9,22,91,75,1012.3,1010.3,16.9,22.3,1
12.4,33.1,0,65,13,35,36,9,1014.1,1007.9,21.6,32.6,1
0.5,11.1,0,46,19,20,56,69,1016.2,1015.8,8.2,6.3,1
10.2,11.2,13.4,44,22,7,96,85,1020.3,1020.2,10.7,11,1
19.8,26.1,9.2,41,22,26,68,58,1010.7,1010.8,22.5,24.6,1
2.1,16.2,0,57,9,26,100,45,1021.4,1012.2,6.4,16.1,1
17.1,31.5,0,63,15,26,23,30,1006.8,1007.8,25.3,28.6,1
6.8,18,0,37,9,22,97,55,1017.2,1016.6,10.6,16.9,1
5.8,13,12.2,48,7,20,94,72,1007.4,1008.2,7.9,11.3,1
20.5,27.7,2.8,52,20,30,80,68,1017.5,1014.9,23.8,25.9,1
13.3,20.2,1,50,7,19,82,64,1013.7,1008.9,16.9,18.5,1
17.3,28.3,0,59,39,22,48,46,1006.7,1003.9,24.8,25.6,1
12.9,19.4,12,39,19,15,66,64,1012.1,1012.1,16.9,18.4,1
24.9,31.8,0,41,13,20,69,63,1006,1003.3,29.5,30.8,1
19.4,22.5,0,31,9,6,77,84,1023.2,1020.3,20.4,20.4,1
12.9,23.2,25.4,35,6,13,98,62,1013.6,1010.3,14.5,20.7,1
13.1,24.1,6.4,44,4,20,91,82,1009.2,1007.6,17.6,20.1,1
18.8,23.5,4.4,52,0,33,93,81,1022.7,1020,19.6,22.3,1
7.9,21.6,0,52,11,13,81,27,1017.2,1013,11.7,21.3,1
6.7,14.8,0.2,37,15,19,94,61,1017.3,1017.1,11,13.1,1
19.4,26.2,20.8,76,44,43,85,57,1025.1,1023.8,23,25.2,1
14.4,21.9,2.6,35,13,22,87,56,1026.8,1022.7,15.6,21.1,1
18.5,21.1,2.6,15,0,2,97,93,1024.8,1021.1,18.9,20.7,1
5.2,12.1,22.2,54,22,19,91,70,994.9,995,7.7,10.7,1
9.7,18.3,0,37,15,15,73,65,1009.7,1004.1,13.5,16.5,1
4.3,18.8,0,39,15,22,46,30,1018.9,1015,14.1,18.1,1
18.5,28.8,0,31,2,9,89,53,1016.7,1014.9,20.4,27.7,1
14.4,21.8,0.6,43,9,22,93,72,1007.5,1010.1,20.1,19.8,1
5.8,13.7,2.4,57,15,28,74,45,1021.6,1024,8.1,11.9,1
5.2,11.3,2.2,46,13,20,99,74,1027.8,1024.7,6.6,10.1,1
9.6,15.4,0.2,31,7,13,72,89,1017.9,1016.8,11.7,10.6,1
8.3,12.7,17.8,46,20,20,99,85,1016.7,1018.1,11.8,12.5,1
11.7,15.7,4.4,30,9,17,96,89,1019.9,1018.7,13,13.8,1
12.8,20.7,0.6,81,20,26,78,34,999.9,1001.4,14.3,20.4,1
13.8,35.1,0,61,2,22,69,27,1015.7,1011,18.4,34.1,1
21.7,28.5,0,33,6,13,58,60,1017,1015.5,26.3,27.4,1
9.7,19.2,0.8,69,43,37,62,28,995.4,992,10.7,19.2,1
17.1,25.1,0,33,22,28,65,69,1023.6,1020.8,22.6,22.9,1
11.6,20.2,2,52,11,26,84,58,1014.5,1012.5,14.9,19.3,1
5.6,17,0,28,0,11,75,67,1018.1,1014.9,12.1,15.3,1
10.9,22.5,1.2,39,13,20,86,63,1014.5,1011.3,17.6,22.3,1
13.2,17,11,81,35,33,77,55,1005.3,1009.8,16.5,14.1,1
20.6,29.3,0.2,50,22,31,74,67,1017.6,1014.7,25.5,26.8,1
6.6,14.1,2,44,13,28,72,67,1019.8,1018.5,10.3,13,1
21.3,23.5,31.6,57,26,30,90,93,1011.9,1009.9,23.3,22.1,1
10.9,25.1,0,35,17,26,55,28,1011.7,1007.5,16,22.4,1
18.9,21.6,0.4,54,20,28,89,89,1011.8,1006.6,18.9,19.5,1
21.3,27.9,1.2,48,9,24,91,75,1011.2,1008.4,23.9,27.2,1
15.1,24.2,2,37,17,17,75,68,1021.8,1019.2,18.9,21.2,1
24.5,31,0.4,30,7,17,72,77,1009.9,1006.5,29.2,29.9,1
21.3,28.6,0,54,13,17,69,78,1011.2,1008,27.1,28.2,1
23.1,30.4,37.2,35,0,15,80,68,1008.9,1006.7,26.5,28.7,1
15.7,19.1,2.4,74,35,48,82,71,1008.2,1005.6,17,17.9,1
14.3,20.5,1.4,20,6,9,96,66,1017.9,1016,15.5,19.8,1
17.6,23.8,17,41,17,28,100,69,1020.9,1018.6,18.3,22.4,1
6.5,11.3,22,76,33,39,99,90,998.7,1005.7,8.8,10.1,1
11.7,16.8,9,30,7,15,97,89,1010.6,1009.2,13.9,15.3,1
9,14,35.6,63,31,35,94,60,1015.5,1018.2,12.2,13.6,1
20,29.9,0.2,50,15,22,48,62,1006.5,1006.1,25,23.5,1
11.6,15.3,0,19,9,9,69,94,1021.9,1019.7,13.8,13.6,1
9.4,15.4,0,48,28,19,60,42,1009,1006.4,11.2,15,1
13.4,17.6,0,59,28,19,54,62,1015.7,1015.9,15.8,16.2,1
5,14.1,11.6,46,15,26,85,90,1017.1,1018.6,10.4,10.2,1
14.9,26,0,31,7,15,50,55,1018.1,1015.3,23.1,24.4,1
11.4,25.8,0,35,4,9,80,49,1011.6,1005.3,14.7,24.6,1
17.6,22.3,0,28,2,6,67,88,1006.2,1004.6,20.4,17.2,1
24.6,32.3,1.2,31,20,15,69,54,1006.1,1004.1,27.7,31.7,1
18.5,19.4,12.6,50,35,37,89,92,1013.7,1013.4,18.9,17.8,1
7.7,17.5,0,37,15,19,68,53,1023.2,1019.8,12.6,16.4,1
16.2,23.6,0,54,19,26,52,54,1020.1,1015.9,20.8,22.4,1
2.9,12.9,0,28,11,15,98,87,1021.2,1018.5,8.6,12,1
12.7,19.5,0,52,30,26,83,69,1015,1014.1,15.4,18.3,1
19.3,26.7,8.8,30,6,4,75,83,1019.5,1015.8,24.7,24.2,1
14.6,23.9,0,39,17,15,65,33,1017.5,1016,17.2,23.2,1
15.5,26.2,0.2,28,9,20,93,61,1018.1,1014.7,18.7,24.1,1
9.1,16.8,1.8,35,9,20,97,73,1026.2,1022,11,15.8,1
25.5,42.4,0,54,30,19,26,17,1007.5,1003.4,34.9,39.1,1
17,26.2,0,37,4,24,80,73,1020.4,1017.3,20.6,22.5,1
12.1,25,0,50,19,24,45,64,1008,1004.2,19.9,22.1,1
12.6,22.5,0,33,2,19,57,41,1011.4,1010.8,18.5,21.5,1
9.4,29.5,0,52,2,22,65,34,1021.6,1017.1,19.6,29.1,1
10.7,16.1,0,48,19,24,77,75,1019.9,1021.2,14.5,14.5,1
8.8,11.3,0.6,35,15,20,85,99,1020.1,1014.9,10.8,11.1,1
17.3,33.5,0,69,7,9,53,40,1009.1,1004.5,25.8,30.5,1
16.9,26.7,10.4,39,11,22,92,48,1022.4,1021.5,19.3,24.9,1
16.4,32.5,0.6,52,17,20,76,50,1009.6,1006.5,22.2,30.8,1
7.4,16.1,3.6,41,19,26,62,64,1011.1,1009.1,10.2,12.8,1
15.6,19.7,61.8,33,2,20,93,95,1016.9,1015.6,16.4,18,1
17.3,21.3,0,78,41,44,49,79,1009.8,1005.1,18.9,17.6,1
17.2,21.1,48.4,52,22,24,97,95,1004.6,1003.6,18,19.2,1
12,19,8.6,44,22,19,78,74,1009.2,1010.7,16.5,18.6,1
9,23,0,24,9,13,71,45,1018.7,1015.7,14.5,22.6,1
17.7,28,0,57,13,28,71,49,1017.9,1014.8,21.4,27,1
7,19.9,0,50,15,19,38,61,1003.4,989.8,18.2,17.2,1
23.2,33.8,0.2,67,28,31,29,33,1006.5,1004.5,29.5,31,1
6.8,12.8,20.6,80,26,37,81,65,996.9,993.2,10.2,12.5,1
20.4,26.4,0,61,2,22,96,77,1012.6,1008.5,22.6,24.8,1
3.6,14.4,4.6,46,17,30,88,76,1021.7,1020.6,7.9,13.5,1
11.8,15.9,0.2,52,30,30,88,79,1022,1019.9,12.8,14.6,1
19.6,33.9,0,72,31,17,62,28,1020.1,1013.9,24,31.9,1
10.9,15.8,0,63,20,43,59,70,1015.2,1014.4,13.5,14.7,1
3.3,14.2,1.8,24,6,13,94,69,1020.4,1017.2,9,13,1
15.1,20,0.4,43,2,11,99,77,1020.5,1017.1,16.7,19.3,1
10.6,12.9,24.4,94,31,33,89,86,1017.8,1018.7,11.6,12.8,1
10,13,7.2,67,9,22,92,91,1000.2,1000.1,11.7,10.3,1
11.4,19.7,0,39,11,13,25,94,1016.4,1016,17.8,14.2,1
10.3,17.4,0.8,74,17,44,85,46,1016.4,1018.8,13.4,16.5,1
15.3,25.7,0,20,11,7,98,65,1015.7,1012.7,18.4,23.6,1
10.9,18.5,0.2,72,26,33,67,77,1008,1007.8,15.7,12.8,1
8.3,14.4,6.6,69,22,28,95,78,1012.8,1011.1,10.3,13.9,1
8.9,14.3,3.2,50,13,22,100,76,1015.1,1016.2,12.3,13.2,1
7.7,11.7,14.2,61,26,19,85,73,1006.1,1009.8,8.8,9.8,1
21.8,34.5,5.6,87,9,35,91,58,1001.1,996,25.2,31.9,1
8.9,16.8,0.4,52,15,20,69,52,1019,1011.6,13.2,16.7,1
21.3,29.6,0.2,37,17,22,72,70,1013.8,1012.3,27.8,28,1
9.6,14.1,1.6,43,9,20,85,76,1018.4,1013,10.7,11.3,1
19,23.5,0,44,13,19,72,68,1023.2,1020.4,20.6,22.5,1
1.2,12.4,0,59,28,39,81,53,1014.7,1009.6,5.6,12,1
4.5,15.3,0.2,74,11,35,83,37,1003.4,1000.4,11.2,15.1,1
10.5,18.4,0,37,11,9,51,79,1016.1,1014,18.2,17.6,1
18.8,21.9,115.2,46,31,11,99,99,1021.7,1017.9,19.1,19,1
14.3,19,9.4,46,19,17,73,60,1018.5,1015.9,16.6,18.4,1
6.2,15.3,4.2,33,11,11,93,87,1015.7,1014.1,12.2,14.9,1
16.2,37.2,0,50,19,28,24,22,1005.2,1003.6,28.8,34.8,1
15.3,24.2,0,30,7,17,72,57,1017.9,1014.3,18.7,23.9,1
23,31.4,9.4,59,9,13,89,69,1011,1007,25.8,30.9,1
8.4,24.2,0,33,17,15,80,39,1021.4,1017.1,15.4,24.1,1
7.1,20.1,0.2,22,7,15,80,55,1026.1,1022.9,13.6,19.4,1
20.2,28.4,0.2,46,30,35,59,60,1020.6,1017.9,25.8,26.5,1
19.1,28.9,0,48,7,9,39,76,1007.8,1010.1,26.5,21.2,1
4.9,18.4,0,33,13,17,65,44,1017.5,1012.7,9.9,18,1
15.3,23.8,0,52,20,24,91,63,1018.2,1018.3,18.4,22.6,1
24.5,34.7,3.4,48,26,30,73,49,1006,1001.9,28,33.5,1
18.8,20.1,7.4,52,11,20,97,93,1014.2,1014.7,19.1,19.8,1
12.8,20.2,0,17,11,2,71,61,1021.4,1017.8,16.6,19.6,1
6.5,15.3,0.8,26,6,15,90,67,1025.7,1025.7,9.7,15,1
15.7,22.5,0.8,72,28,33,78,78,1029.4,1026.7,18.9,20.1,1
9.5,17.5,7.2,70,26,26,76,68,1015.2,1016.5,14.3,17,1
21.5,29.9,0.4,50,28,35,81,70,1013.4,1011.6,27.5,28.8,1
7,12.4,13.4,67,28,24,86,91,1004,1001.7,8.1,8.6,1
3.5,19.1,0,50,7,19,68,57,1019.3,1016.1,9.8,17.8,1
3,13,20.2,52,13,20,99,52,1014.3,1010.8,9.3,11.4,1
15.8,19.7,59.2,57,39,30,95,84,1016.8,1014.7,16.6,18.8,1
25,31.1,0,37,7,24,87,70,999.2,996.2,26.8,31,1
14,17.1,4.2,54,31,22,71,68,1021.2,1016.8,15.9,16.3,1
9.6,18.4,0,61,30,20,81,68,1019.2,1015.2,14,18.1,1
8,14.4,4,37,15,19,100,94,1011.4,1010.6,9.9,13,1
10.3,18.7,0,43,11,26,73,72,1020.9,1019.6,14.5,17.8,1
14.9,23.7,26.6,31,9,19,99,88,1022.5,1018,18.4,21.3,1
9,18.5,1.2,48,11,31,92,43,1013.5,1013.9,13.1,17.5,1
18.2,21.3,0.2,37,9,19,85,69,1016,1013.2,18.8,20.1,1
23.4,32.5,33.2,46,13,19,77,61,1011.4,1008.2,27.8,31.3,1
24.3,30.6,11.2,35,20,24,89,70,1012.4,1009.1,25.5,30.2,1
17.7,21.1,1.6,48,13,11,95,91,1014,1010.8,18.8,16.8,1
24.1,31.2,90.4,46,17,22,95,70,1008.3,1003.9,25.1,30.2,1
11.5,19.6,0.6,76,44,35,55,100,1000.3,1000.6,16.2,16.2,1
23.4,29.7,32,26,15,11,92,70,1011.5,1007.3,24.7,28.9,1
3.7,8.6,4,61,24,33,98,93,1019.2,1020.8,5.2,6.1,1
11.9,15.1,2,61,37,20,99,98,1002.2,998.1,12.4,14.3,1
16.1,22.3,0,56,2,15,63,89,1005.9,1010.5,19.1,13,1